allele	gene	tot_scores	sample	D4	D6
02_01_01_02	hla_dpa1	2587005.1948	NA18560	02:01	02:01:01
02_02_02_01	hla_dpa1	1535786.4704	NA18560	02:02	02:02:02
02_01_02_35	hla_dpb1	1826759.7404	NA18560	02:01	02:01:02
57_01	hla_dpb1	1243099.0173	NA18560	57:01	57:01
03_01_01_01	hla_dqa1	1587201.172	NA18560	03:01	03:01:01
05_05_01_32	hla_dqa1	1110765.0792	NA18560	05:05	05:05:01
03_01_01_01	hla_dqb1	481069.1011	NA18560	03:01	03:01:01
03_02_01_01	hla_dqb1	536968.4035	NA18560	03:02	03:02:01
09_01_02_03	hla_drb1	2711869.5288	NA18560	09:01	09:01:02
12_01_01_04	hla_drb1	1567057.2081	NA18560	12:01	12:01:01
02_02_02_01	hla_dpa1	1615940.037	NA18740	02:02	02:02:02
02_02_02_01	hla_dpa1	807970.0185	NA18740	02:02	02:02:02
05_01_01_01	hla_dpb1	2080721.9816	NA18740	05:01	05:01:01
135_01_01_01	hla_dpb1	3376309.405	NA18740	135:01	135:01:01
01_02_02_01	hla_dqa1	2711918.3498	NA18740	01:02	01:02:02
05_05_01_03	hla_dqa1	2182130.0708	NA18740	05:05	05:05:01
03_01_01_01	hla_dqb1	859014.0017	NA18740	03:01	03:01:01
05_02_01_01	hla_dqb1	1407029.4873	NA18740	05:02	05:02:01
12_01_01_04	hla_drb1	1794957.6058	NA18740	12:01	12:01:01
16_02_01_01	hla_drb1	3269067.3872	NA18740	16:02	16:02:01
01_03_01_04	hla_dpa1	4782951.0088	NA18626	01:03	01:03:01
01_03_01_34	hla_dpa1	2475051.9464	NA18626	01:03	01:03:01
23_01_01_01	hla_dpb1	10746161.3084	NA18626	23:01	23:01:01
23_01_01_01	hla_dpb1	5373080.6542	NA18626	23:01	23:01:01
02_01_01_01	hla_dqa1	3691727.2929	NA18626	02:01	02:01:01
05_05_01_01	hla_dqa1	3500846.3581	NA18626	05:05	05:05:01
02_02_01_01	hla_dqb1	1253680.4175	NA18626	02:02	02:02:01
03_01_01_33	hla_dqb1	1346530.3844	NA18626	03:01	03:01:01
07_01_01_01	hla_drb1	1964162.5981	NA18626	07:01	07:01:01
11_04_01_01	hla_drb1	2916057.3759	NA18626	11:04	11:04:01
01_03_01_01	hla_dpa1	1457967.5277	NA18618	01:03	01:03:01
02_01_01_01	hla_dpa1	759105.8801	NA18618	02:01	02:01:01
02_01_02_01	hla_dpb1	3067203.2783	NA18618	02:01	02:01:02
02_01_02_57	hla_dpb1	6046151.9411	NA18618	02:01	02:01:02
05_05_01_01	hla_dqa1	2196053.1931	NA18618	05:05	05:05:01
05_05_01_36	hla_dqa1	4387470.3411	NA18618	05:05	05:05:01
03_01_01_03	hla_dqb1	1657675.8866	NA18618	03:01	03:01:01
03_01_01_03	hla_dqb1	828837.9433	NA18618	03:01	03:01:01
11_01_01_01	hla_drb1	1745809.8245	NA18618	11:01	11:01:01
12_01_01_04	hla_drb1	2363636.5292	NA18618	12:01	12:01:01
02_01_01_09	hla_dpa1	1574302.5254	NA18615	02:01	02:01:01
02_02_02_05	hla_dpa1	854461.0769	NA18615	02:02	02:02:02
02_02_01_02	hla_dpb1	6185988.0799	NA18615	02:02	02:02:01
17_01_01_01	hla_dpb1	12060808.1219	NA18615	17:01	17:01:01
01_03_01_01	hla_dqa1	3232015.9654	NA18615	01:03	01:03:01
02_01_01_01	hla_dqa1	2314880.6745	NA18615	02:01	02:01:01
02_02_01_01	hla_dqb1	715032.9606	NA18615	02:02	02:02:01
06_01_01_01	hla_dqb1	1049524.4149	NA18615	06:01	06:01:01
07_01_01_01	hla_drb1	947344.7171	NA18615	07:01	07:01:01
08_03_02_02	hla_drb1	1471982.9996	NA18615	08:03	08:03:02
01_03_01_01	hla_dpa1	4279378.0291	NA18538	01:03	01:03:01
02_01_01_13	hla_dpa1	3156600.3587	NA18538	02:01	02:01:01
02_01_02_05	hla_dpb1	3162182.4203	NA18538	02:01	02:01:02
05_01_01_29	hla_dpb1	2230276.4458	NA18538	05:01	05:01:01
01_02_01_04	hla_dqa1	3155800.0817	NA18538	01:02	01:02:01
03_01_01_01	hla_dqa1	2681654.2523	NA18538	03:01	03:01:01
03_02_01_01	hla_dqb1	879531.2207	NA18538	03:02	03:02:01
06_09_01_01	hla_dqb1	1675006.5922	NA18538	06:09	06:09:01
09_01_02_03	hla_drb1	3325393.9835	NA18538	09:01	09:01:02
13_02_01_03	hla_drb1	3175898.3497	NA18538	13:02	13:02:01
01_03_01_01	hla_dpa1	4092425.144	NA18539	01:03	01:03:01
02_02_02_01	hla_dpa1	2969131.9137	NA18539	02:02	02:02:02
02_01_02_01	hla_dpb1	3055279.1502	NA18539	02:01	02:01:02
05_01_01_01	hla_dpb1	2173408.322	NA18539	05:01	05:01:01
01_03_01_01	hla_dqa1	3523361.0241	NA18539	01:03	01:03:01
03_03_01_01	hla_dqa1	3049655.8791	NA18539	03:03	03:03:01
04_01_01_01	hla_dqb1	932035.8587	NA18539	04:01	04:01:01
06_01_01_01	hla_dqb1	1445146.6383	NA18539	06:01	06:01:01
04_05_01_01	hla_drb1	2071955.073	NA18539	04:05	04:05:01
08_03_02_02	hla_drb1	3020250.3772	NA18539	08:03	08:03:02
01_03_01_05	hla_dpa1	1281811.0299	NA18962	01:03	01:03:01
02_01_01_01	hla_dpa1	710556.3994	NA18962	02:01	02:01:01
04_02_01_02	hla_dpb1	5434207.9138	NA18962	04:02	04:02:01
04_02_01_02	hla_dpb1	2717103.9569	NA18962	04:02	04:02:01
01_01_01_01	hla_dqa1	3185997.9878	NA18962	01:01	01:01:01
01_03_01_01	hla_dqa1	2475431.7497	NA18962	01:03	01:03:01
05_01_01_01	hla_dqb1	1305123.0893	NA18962	05:01	05:01:01
06_01_01_01	hla_dqb1	1161118.5445	NA18962	06:01	06:01:01
01_01_01_01	hla_drb1	2364084.0818	NA18962	01:01	01:01:01
15_02_01_03	hla_drb1	3005103.6125	NA18962	15:02	15:02:01
02_02_02_01	hla_dpa1	5603111.4688	NA18953	02:02	02:02:02
02_02_02_01	hla_dpa1	2801555.7344	NA18953	02:02	02:02:02
05_01_01_01	hla_dpb1	3808218.984	NA18953	05:01	05:01:01
05_01_01_01	hla_dpb1	1904109.492	NA18953	05:01	05:01:01
03_01_01_01	hla_dqa1	4514565.7767	NA18953	03:01	03:01:01
03_03_01_01	hla_dqa1	2353117.283	NA18953	03:03	03:03:01
03_02_01_01	hla_dqb1	653904.495	NA18953	03:02	03:02:01
04_01_01_01	hla_dqb1	1293500.3518	NA18953	04:01	04:01:01
04_05_01_01	hla_drb1	1948265.2956	NA18953	04:05	04:05:01
08_02_01_01	hla_drb1	2698194.26	NA18953	08:02	08:02:01
02_02_02_01	hla_dpa1	4297990.4733	NA18631	02:02	02:02:02
02_02_02_01	hla_dpa1	2148995.2367	NA18631	02:02	02:02:02
05_01_01_01	hla_dpb1	3365914.8722	NA18631	05:01	05:01:01
05_01_01_04	hla_dpb1	1699854.2777	NA18631	05:01	05:01:01
01_03_01_01	hla_dqa1	2124411.5331	NA18631	01:03	01:03:01
03_02_01_02	hla_dqa1	1984501.8625	NA18631	03:02	03:02:01
03_03_02_02	hla_dqb1	786835.8191	NA18631	03:03	03:03:02
06_01_01_01	hla_dqb1	985581.8861	NA18631	06:01	06:01:01
09_01_02_01	hla_drb1	5313617.6392	NA18631	09:01	09:01:02
09_01_02_05	hla_drb1	2663433.3394	NA18631	09:01	09:01:02
01_03_01_02	hla_dpa1	1815797.0772	HG00634	01:03	01:03:01
04_01_01_02	hla_dpa1	1200805.9467	HG00634	04:01	04:01:01
03_01_01_01	hla_dpb1	865699.9682	HG00634	03:01	03:01:01
107_01	hla_dpb1	1410175.7788	HG00634	107:01	107:01
01_03_01_01	hla_dqa1	1487060.1742	HG00634	01:03	01:03:01
03_02_01_01	hla_dqa1	1383321.6634	HG00634	03:02	03:02:01
03_03_02_01	hla_dqb1	406536.8478	HG00634	03:03	03:03:02
06_01_01_01	hla_dqb1	527103.3242	HG00634	06:01	06:01:01
08_03_02_02	hla_drb1	1316060.0122	HG00634	08:03	08:03:02
09_01_02_01	hla_drb1	1116656.3443	HG00634	09:01	09:01:02
01_03_01_01	hla_dpa1	3709091.8802	NA18638	01:03	01:03:01
01_03_01_04	hla_dpa1	1875516.1111	NA18638	01:03	01:03:01
02_01_02_05	hla_dpb1	2972358.8309	NA18638	02:01	02:01:02
04_01_01_04	hla_dpb1	1556061.5494	NA18638	04:01	04:01:01
01_04_01_01	hla_dqa1	1688537.2544	NA18638	01:04	01:04:01
05_01_01_01	hla_dqa1	1135567.0598	NA18638	05:01	05:01:01
02_01_01_01	hla_dqb1	437712.2088	NA18638	02:01	02:01:01
05_02_01_01	hla_dqb1	666170.7438	NA18638	05:02	05:02:01
03_01_01_02	hla_drb1	2529551.6176	NA18638	03:01	03:01:01
09_01_02_03	hla_drb1	2369368.6101	NA18638	09:01	09:01:02
01_03_01_01	hla_dpa1	2646492.021	NA18553	01:03	01:03:01
01_03_01_22	hla_dpa1	5282503.7062	NA18553	01:03	01:03:01
02_01_02_37	hla_dpb1	2360211.6252	NA18553	02:01	02:01:02
05_01_01_29	hla_dpb1	1503079.3693	NA18553	05:01	05:01:01
05_01_01_02	hla_dqa1	1550272.0123	NA18553	05:01	05:01:01
05_05_01_03	hla_dqa1	2706760.7183	NA18553	05:05	05:05:01
02_01_01_01	hla_dqb1	635174.5761	NA18553	02:01	02:01:01
03_01_01_01	hla_dqb1	565603.8388	NA18553	03:01	03:01:01
03_01_01_03	hla_drb1	2909677.8235	NA18553	03:01	03:01:01
09_01_02_03	hla_drb1	4064760.0418	NA18553	09:01	09:01:02
01_03_01_04	hla_dpa1	2112745.4008	HG00559	01:03	01:03:01
02_02_02_01	hla_dpa1	1165366.1215	HG00559	02:02	02:02:02
02_02_01_01	hla_dpb1	8372034.1225	HG00559	02:02	02:02:01
04_01_01_04	hla_dpb1	4218521.193	HG00559	04:01	04:01:01
03_02_01_01	hla_dqa1	3096979.9199	HG00559	03:02	03:02:01
05_01_01_01	hla_dqa1	3119802.8551	HG00559	05:01	05:01:01
02_01_01_01	hla_dqb1	1218689.5287	HG00559	02:01	02:01:01
03_03_02_02	hla_dqb1	1350916.2596	HG00559	03:03	03:03:02
03_01_01_03	hla_drb1	2108066.4468	HG00559	03:01	03:01:01
09_01_02_01	hla_drb1	1738768.2755	HG00559	09:01	09:01:02
01_03_01_02	hla_dpa1	1318574.4286	NA18954	01:03	01:03:01
02_01_01_01	hla_dpa1	877387.9065	NA18954	02:01	02:01:01
02_01_02_01	hla_dpb1	2686143.7639	NA18954	02:01	02:01:02
02_01_02_10	hla_dpb1	5367673.3126	NA18954	02:01	02:01:02
01_02_01_01	hla_dqa1	3361521.7271	NA18954	01:02	01:02:01
01_03_01_01	hla_dqa1	2780972.1726	NA18954	01:03	01:03:01
06_01_01_01	hla_dqb1	2260998.518	NA18954	06:01	06:01:01
06_01_01_01	hla_dqb1	1130499.259	NA18954	06:01	06:01:01
15_01_01_04	hla_drb1	2414313.1142	NA18954	15:01	15:01:01
15_02_01_03	hla_drb1	4545520.4634	NA18954	15:02	15:02:01
01_03_01_03	hla_dpa1	2552053.9865	NA18968	01:03	01:03:01
02_02_02_01	hla_dpa1	2071464.4594	NA18968	02:02	02:02:02
05_01_01_04	hla_dpb1	2892225.7889	NA18968	05:01	05:01:01
06_01_01_02	hla_dpb1	1795563.5659	NA18968	06:01	06:01:01
01_02_01_01	hla_dqa1	3039666.0307	NA18968	01:02	01:02:01
05_07	hla_dqa1	2289916.7885	NA18968	05:07	05:07
03_01_01_01	hla_dqb1	891911.9291	NA18968	03:01	03:01:01
06_02_01_01	hla_dqb1	1498774.8796	NA18968	06:02	06:02:01
14_03_01	hla_drb1	2726846.9187	NA18968	14:03	14:03:01
15_01_01_02	hla_drb1	2462195.0808	NA18968	15:01	15:01:01
02_01_01_03	hla_dpa1	3371071.154	NA18574	02:01	02:01:01
02_02_02_01	hla_dpa1	1977193.6696	NA18574	02:02	02:02:02
05_01_01_08	hla_dpb1	1620632.81	NA18574	05:01	05:01:01
17_01_01_01	hla_dpb1	2485233.659	NA18574	17:01	17:01:01
05_05_01_03	hla_dqa1	3117204.721	NA18574	05:05	05:05:01
05_05_01_32	hla_dqa1	1567357.4578	NA18574	05:05	05:05:01
03_01_01_01	hla_dqb1	1168861.1853	NA18574	03:01	03:01:01
03_01_01_01	hla_dqb1	584430.5927	NA18574	03:01	03:01:01
09_01_02_03	hla_drb1	3099778.6203	NA18574	09:01	09:01:02
12_01_01_04	hla_drb1	4302999.1665	NA18574	12:01	12:01:01
02_02_02_05	hla_dpa1	4978920.456	HG00632	02:02	02:02:02
02_02_02_05	hla_dpa1	2489460.228	HG00632	02:02	02:02:02
05_01_01_01	hla_dpb1	3899513.3075	HG00632	05:01	05:01:01
05_01_01_01	hla_dpb1	1949756.6538	HG00632	05:01	05:01:01
01_02_02_01	hla_dqa1	3536439.2211	HG00632	01:02	01:02:02
01_03_01_01	hla_dqa1	2727283.8706	HG00632	01:03	01:03:01
05_02_01_01	hla_dqb1	1219290.4487	HG00632	05:02	05:02:01
06_01_01_01	hla_dqb1	1526613.5196	HG00632	06:01	06:01:01
08_03_02_02	hla_drb1	2426866.8001	HG00632	08:03	08:03:02
16_02_01_01	hla_drb1	2864836.4771	HG00632	16:02	16:02:01
01_03_01_04	hla_dpa1	1077334.7051	HG00566	01:03	01:03:01
02_02_02_01	hla_dpa1	624597.4204	HG00566	02:02	02:02:02
02_02_01_01	hla_dpb1	2008273.8561	HG00566	02:02	02:02:01
04_01_01_04	hla_dpb1	3970288.9926	HG00566	04:01	04:01:01
03_02_01_01	hla_dqa1	1383955.7417	HG00566	03:02	03:02:01
05_01_01_01	hla_dqa1	1569255.5851	HG00566	05:01	05:01:01
02_01_01_01	hla_dqb1	705690.758	HG00566	02:01	02:01:01
03_03_02_02	hla_dqb1	617406.4899	HG00566	03:03	03:03:02
03_01_01_03	hla_drb1	1290845.4794	HG00566	03:01	03:01:01
09_01_02_01	hla_drb1	1077279.4848	HG00566	09:01	09:01:02
01_03_01_05	hla_dpa1	3322701.1311	NA18567	01:03	01:03:01
02_02_02_01	hla_dpa1	2370798.5003	NA18567	02:02	02:02:02
02_01_02_05	hla_dpb1	3863352.7012	NA18567	02:01	02:01:02
04_02_01_02	hla_dpb1	2055444.3213	NA18567	04:02	04:02:01
02_01_01_01	hla_dqa1	1965716.1465	NA18567	02:01	02:01:01
03_01_01_01	hla_dqa1	2831598.377	NA18567	03:01	03:01:01
02_02_01_01	hla_dqb1	601820.6404	NA18567	02:02	02:02:01
03_02_01_01	hla_dqb1	687323.3407	NA18567	03:02	03:02:01
07_01_01_01	hla_drb1	2622759.8772	NA18567	07:01	07:01:01
09_01_02_01	hla_drb1	3633385.2488	NA18567	09:01	09:01:02
01_03_01_15	hla_dpa1	3022209.898	NA18616	01:03	01:03:01
02_02_02_01	hla_dpa1	2350247.0297	NA18616	02:02	02:02:02
02_02_01_02	hla_dpb1	2115731.2524	NA18616	02:02	02:02:01
04_02_01_02	hla_dpb1	3785617.3965	NA18616	04:02	04:02:01
05_05_01_02	hla_dqa1	3376680.934	NA18616	05:05	05:05:01
05_05_01_02	hla_dqa1	1688340.467	NA18616	05:05	05:05:01
03_01_01_03	hla_dqb1	1414710.7043	NA18616	03:01	03:01:01
03_01_01_03	hla_dqb1	707355.3522	NA18616	03:01	03:01:01
09_01_02_03	hla_drb1	3832613.0822	NA18616	09:01	09:01:02
11_01_01_01	hla_drb1	4744313.2898	NA18616	11:01	11:01:01
01_03_01_05	hla_dpa1	3044197.3168	NA18950	01:03	01:03:01
02_02_02_01	hla_dpa1	2160481.9509	NA18950	02:02	02:02:02
04_02_01_02	hla_dpb1	2534511.0435	NA18950	04:02	04:02:01
05_01_01_29	hla_dpb1	1839195.461	NA18950	05:01	05:01:01
01_01_01_01	hla_dqa1	1944352.6919	NA18950	01:01	01:01:01
01_03_01_01	hla_dqa1	2440714.0662	NA18950	01:03	01:03:01
05_01_01_03	hla_dqb1	924850.7182	NA18950	05:01	05:01:01
06_01_01_01	hla_dqb1	1026146.2777	NA18950	06:01	06:01:01
09_01_02_03	hla_drb1	3085785.0914	NA18950	09:01	09:01:02
15_02_01_03	hla_drb1	2659984.6753	NA18950	15:02	15:02:01
02_01_01_01	hla_dpa1	599041.012	NA18645	02:01	02:01:01
02_02_02_01	hla_dpa1	1030975.3292	NA18645	02:02	02:02:02
05_01_01_28	hla_dpb1	1695063.3827	NA18645	05:01	05:01:01
13_01_01_01	hla_dpb1	2693598.4521	NA18645	13:01	13:01:01
01_02_01_04	hla_dqa1	2767671.2775	NA18645	01:02	01:02:01
01_03_01_01	hla_dqa1	2236115.8618	NA18645	01:03	01:03:01
06_01_01_01	hla_dqb1	1017088.5831	NA18645	06:01	06:01:01
06_09_01_01	hla_dqb1	1304860.9724	NA18645	06:09	06:09:01
08_03_02_02	hla_drb1	2126769.6347	NA18645	08:03	08:03:02
13_02_01_01	hla_drb1	1446633.8565	NA18645	13:02	13:02:01
01_03_01_01	hla_dpa1	1555523.9542	HG00595	01:03	01:03:01
01_03_01_01	hla_dpa1	777761.9771	HG00595	01:03	01:03:01
02_01_02_05	hla_dpb1	6724029.3848	HG00595	02:01	02:01:02
02_01_02_29	hla_dpb1	3366648.3191	HG00595	02:01	02:01:02
03_02_01_01	hla_dqa1	2149893.5179	HG00595	03:02	03:02:01
04_01_01_09	hla_dqa1	2270120.7068	HG00595	04:01	04:01:01
03_01_01_07	hla_dqb1	817227.8396	HG00595	03:01	03:01:01
03_03_02_02	hla_dqb1	701151.5754	HG00595	03:03	03:03:02
09_01_02_01	hla_drb1	1258299.6543	HG00595	09:01	09:01:02
12_02_01_01	hla_drb1	1550818.7841	HG00595	12:02	12:02:01
01_03_01_04	hla_dpa1	6752721.4714	NA18535	01:03	01:03:01
02_02_02_05	hla_dpa1	4575424.1996	NA18535	02:02	02:02:02
02_02_01_02	hla_dpb1	4301890.5366	NA18535	02:02	02:02:01
05_01_01_29	hla_dpb1	2638774.5974	NA18535	05:01	05:01:01
01_02_01_01	hla_dqa1	4847796.1578	NA18535	01:02	01:02:01
01_04_01_01	hla_dqa1	7819593.9928	NA18535	01:04	01:04:01
05_03_01_01	hla_dqb1	1601101.1558	NA18535	05:03	05:03:01
06_02_01_01	hla_dqb1	2997561.665	NA18535	06:02	06:02:01
14_54_01_01	hla_drb1	4075261.4216	NA18535	14:54	14:54:01
15_01_01_02	hla_drb1	4307938.9061	NA18535	15:01	15:01:01
01_03_01_04	hla_dpa1	1430413.6276	NA18757	01:03	01:03:01
02_02_02_01	hla_dpa1	793963.8558	NA18757	02:02	02:02:02
04_01_01_01	hla_dpb1	6018246.4314	NA18757	04:01	04:01:01
04_01_01_40	hla_dpb1	3034605.6974	NA18757	04:01	04:01:01
01_02_01_01	hla_dqa1	3101642.0675	NA18757	01:02	01:02:01
03_03_01_01	hla_dqa1	2047634.2983	NA18757	03:03	03:03:01
06_02_01_01	hla_dqb1	1560103.5681	NA18757	06:02	06:02:01
06_02_01_01	hla_dqb1	780051.784	NA18757	06:02	06:02:01
15_01_01_03	hla_drb1	2586083.9433	NA18757	15:01	15:01:01
15_01_01_05	hla_drb1	1295346.1327	NA18757	15:01	15:01:01
02_01_01_02	hla_dpa1	3708507.2515	NA18959	02:01	02:01:01
02_02_02_05	hla_dpa1	6594193.0519	NA18959	02:02	02:02:02
05_01_01_08	hla_dpb1	4204612.2273	NA18959	05:01	05:01:01
09_01_01_01	hla_dpb1	2337849.0752	NA18959	09:01	09:01:01
01_02_01_01	hla_dqa1	4711218.8583	NA18959	01:02	01:02:01
01_03_01_01	hla_dqa1	3549827.0057	NA18959	01:03	01:03:01
06_01_01_01	hla_dqb1	1799631.5428	NA18959	06:01	06:01:01
06_02_01_01	hla_dqb1	2608804.5285	NA18959	06:02	06:02:01
15_01_01_02	hla_drb1	3436955.6156	NA18959	15:01	15:01:01
15_02_01_03	hla_drb1	6322551.8484	NA18959	15:02	15:02:01
01_03_01_01	hla_dpa1	1569582.3733	NA18939	01:03	01:03:01
02_02_02_01	hla_dpa1	933400.5112	NA18939	02:02	02:02:02
02_01_02_27	hla_dpb1	6859938.0275	NA18939	02:01	02:01:02
02_02_01_02	hla_dpb1	3460189.2183	NA18939	02:02	02:02:01
01_02_01_01	hla_dqa1	6752876.9204	NA18939	01:02	01:02:01
01_02_01_01	hla_dqa1	3376438.4602	NA18939	01:02	01:02:01
06_02_01_01	hla_dqb1	3455048.4688	NA18939	06:02	06:02:01
06_02_01_01	hla_dqb1	1727524.2344	NA18939	06:02	06:02:01
15_01_01_02	hla_drb1	6223381.9091	NA18939	15:01	15:01:01
15_01_01_03	hla_drb1	3134865.845	NA18939	15:01	15:01:01
01_03_01_01	hla_dpa1	3621028.8	NA18963	01:03	01:03:01
01_03_01_01	hla_dpa1	1810514.4	NA18963	01:03	01:03:01
02_01_02_01	hla_dpb1	15424516.3227	NA18963	02:01	02:01:02
02_01_02_05	hla_dpb1	7774939.4006	NA18963	02:01	02:01:02
01_02_01_04	hla_dqa1	3862662.796	NA18963	01:02	01:02:01
03_02_01_01	hla_dqa1	3013393.2177	NA18963	03:02	03:02:01
03_03_02_02	hla_dqb1	1081679.733	NA18963	03:03	03:03:02
06_04_01_01	hla_dqb1	1968138.6709	NA18963	06:04	06:04:01
09_01_02_01	hla_drb1	1715230.394	NA18963	09:01	09:01:02
13_02_01_01	hla_drb1	2001118.547	NA18963	13:02	13:02:01
02_02_02_01	hla_dpa1	1982834.2337	NA18941	02:02	02:02:02
02_02_02_05	hla_dpa1	1000703.2713	NA18941	02:02	02:02:02
05_01_01_01	hla_dpb1	4434675.3356	NA18941	05:01	05:01:01
05_01_01_01	hla_dpb1	2217337.6678	NA18941	05:01	05:01:01
01_04_01_01	hla_dqa1	3859000.733	NA18941	01:04	01:04:01
03_03_01_01	hla_dqa1	2637646.2965	NA18941	03:03	03:03:01
04_01_01_01	hla_dqb1	868206.6502	NA18941	04:01	04:01:01
05_03_01_04	hla_dqb1	1653092.4147	NA18941	05:03	05:03:01
04_05_01_01	hla_drb1	1643330.5457	NA18941	04:05	04:05:01
14_54_01_01	hla_drb1	1722988.6145	NA18941	14:54	14:54:01
01_03_01_01	hla_dpa1	2707900.5943	NA18591	01:03	01:03:01
01_03_01_01	hla_dpa1	1353950.2972	NA18591	01:03	01:03:01
02_01_02_01	hla_dpb1	3087298.0541	NA18591	02:01	02:01:02
700_01n	hla_dpb1	6018354.7481	NA18591	700:01n	700:01n
01_02_01_04	hla_dqa1	6689405.468	NA18591	01:02	01:02:01
01_02_01_04	hla_dqa1	3344702.734	NA18591	01:02	01:02:01
06_09_01_01	hla_dqb1	2965162.5304	NA18591	06:09	06:09:01
06_09_01_01	hla_dqb1	1482581.2652	NA18591	06:09	06:09:01
13_02_01_01	hla_drb1	5779498.2919	NA18591	13:02	13:02:01
13_02_01_01	hla_drb1	2889749.1459	NA18591	13:02	13:02:01
01_03_01_03	hla_dpa1	3246061.0557	HG00674	01:03	01:03:01
02_01_01_02	hla_dpa1	2370788.1358	HG00674	02:01	02:01:01
02_01_02_07	hla_dpb1	2938445.9802	HG00674	02:01	02:01:02
05_01_01_29	hla_dpb1	1956756.9813	HG00674	05:01	05:01:01
03_02_01_01	hla_dqa1	3896448.4642	HG00674	03:02	03:02:01
03_02_01_01	hla_dqa1	1948224.2321	HG00674	03:02	03:02:01
03_03_02_02	hla_dqb1	2399844.2584	HG00674	03:03	03:03:02
03_03_02_02	hla_dqb1	1199922.1292	HG00674	03:03	03:03:02
09_01_02_01	hla_drb1	4199444.2341	HG00674	09:01	09:01:02
09_01_02_01	hla_drb1	2099722.117	HG00674	09:01	09:01:02
01_03_01_01	hla_dpa1	1587918.8232	NA18965	01:03	01:03:01
02_02_02_01	hla_dpa1	888981.3441	NA18965	02:02	02:02:02
02_01_02_01	hla_dpb1	6505310.1551	NA18965	02:01	02:01:02
02_02_01_02	hla_dpb1	3273545.4561	NA18965	02:02	02:02:01
03_02_01_01	hla_dqa1	4100004.1151	NA18965	03:02	03:02:01
03_02_01_01	hla_dqa1	2050002.0576	NA18965	03:02	03:02:01
03_03_02_02	hla_dqb1	1429538.0232	NA18965	03:03	03:03:02
03_03_02_02	hla_dqb1	714769.0116	NA18965	03:03	03:03:02
09_01_02_01	hla_drb1	3059373.4534	NA18965	09:01	09:01:02
09_01_02_01	hla_drb1	1529686.7267	NA18965	09:01	09:01:02
02_01_01_01	hla_dpa1	1225908.5899	NA18647	02:01	02:01:01
02_02_02_01	hla_dpa1	729050.4068	NA18647	02:02	02:02:02
17_01_01_01	hla_dpb1	5679868.2843	NA18647	17:01	17:01:01
17_01_01_01	hla_dpb1	2839934.1421	NA18647	17:01	17:01:01
01_03_01_02	hla_dqa1	2094340.4505	NA18647	01:03	01:03:01
02_01_01_01	hla_dqa1	1574273.9535	NA18647	02:01	02:01:01
02_02_01_01	hla_dqb1	659345.2467	NA18647	02:02	02:02:01
06_03_01_01	hla_dqb1	1249083.6104	NA18647	06:03	06:03:01
07_01_01_01	hla_drb1	1267697.5724	NA18647	07:01	07:01:01
13_01_01_01	hla_drb1	1852841.6342	NA18647	13:01	13:01:01
01_03_01_01	hla_dpa1	1654049.9381	NA18565	01:03	01:03:01
02_02_02_01	hla_dpa1	1223152.0431	NA18565	02:02	02:02:02
02_01_02_05	hla_dpb1	1325627.646	NA18565	02:01	02:01:02
05_01_01_01	hla_dpb1	854691.2234	NA18565	05:01	05:01:01
03_02_01_01	hla_dqa1	1078974.706	NA18565	03:02	03:02:01
06_01_01_03	hla_dqa1	905729.7899	NA18565	06:01	06:01:01
03_01_01_01	hla_dqb1	320952.1193	NA18565	03:01	03:01:01
03_03_02_02	hla_dqb1	312371.2117	NA18565	03:03	03:03:02
09_01_02_01	hla_drb1	2993630.0189	NA18565	09:01	09:01:02
09_01_02_03	hla_drb1	1498478.6111	NA18565	09:01	09:01:02
01_03_01_02	hla_dpa1	3514625.8646	NA18749	01:03	01:03:01
01_03_01_04	hla_dpa1	1787492.2282	NA18749	01:03	01:03:01
04_01_01_01	hla_dpb1	7473620.2455	NA18749	04:01	04:01:01
04_01_01_04	hla_dpb1	14868375.1239	NA18749	04:01	04:01:01
02_01_01_01	hla_dqa1	6068930.3027	NA18749	02:01	02:01:01
02_01_01_01	hla_dqa1	3034465.1513	NA18749	02:01	02:01:01
02_02_01_01	hla_dqb1	2326089.2043	NA18749	02:02	02:02:01
02_02_01_01	hla_dqb1	1163044.6021	NA18749	02:02	02:02:01
07_01_01_01	hla_drb1	3050011.9784	NA18749	07:01	07:01:01
07_01_01_01	hla_drb1	1525005.9892	NA18749	07:01	07:01:01
02_02_02_01	hla_dpa1	2977213.5549	HG00626	02:02	02:02:02
02_02_02_01	hla_dpa1	1488606.7774	HG00626	02:02	02:02:02
03_01_01_02	hla_dpb1	1066749.4942	HG00626	03:01	03:01:01
05_01_01_01	hla_dpb1	1882043.1905	HG00626	05:01	05:01:01
01_02_01_01	hla_dqa1	1759823.6921	HG00626	01:02	01:02:01
03_01_01_01	hla_dqa1	1328768.4342	HG00626	03:01	03:01:01
06_02_01_01	hla_dqb1	987907.0854	HG00626	06:02	06:02:01
06_02_01_01	hla_dqb1	493953.5427	HG00626	06:02	06:02:01
04_06_01	hla_drb1	1068150.0339	HG00626	04:06	04:06:01
15_01_01_02	hla_drb1	1585017.5999	HG00626	15:01	15:01:01
01_03_01_05	hla_dpa1	1727330.3693	NA18946	01:03	01:03:01
02_02_02_01	hla_dpa1	873033.6767	NA18946	02:02	02:02:02
04_02_01_01	hla_dpb1	6454117.0362	NA18946	04:02	04:02:01
04_02_01_17	hla_dpb1	3231704.9782	NA18946	04:02	04:02:01
01_01_01_01	hla_dqa1	3245339.4463	NA18946	01:01	01:01:01
03_03_01_01	hla_dqa1	2196210.4903	NA18946	03:03	03:03:01
04_01_01_01	hla_dqb1	845041.5619	NA18946	04:01	04:01:01
05_01_01_01	hla_dqb1	1378996.4366	NA18946	05:01	05:01:01
01_01_01_01	hla_drb1	2474390.6069	NA18946	01:01	01:01:01
04_05_01_01	hla_drb1	1253606.349	NA18946	04:05	04:05:01
02_02_02_01	hla_dpa1	4388922.545	NA18634	02:02	02:02:02
02_02_02_01	hla_dpa1	2194461.2725	NA18634	02:02	02:02:02
05_01_01_01	hla_dpb1	3582129.1899	NA18634	05:01	05:01:01
05_01_01_01	hla_dpb1	1791064.5949	NA18634	05:01	05:01:01
03_02_01_02	hla_dqa1	1770153.9365	NA18634	03:02	03:02:01
05_05_01_01	hla_dqa1	1779596.9496	NA18634	05:05	05:05:01
03_01_01_03	hla_dqb1	712358.3171	NA18634	03:01	03:01:01
03_03_02_02	hla_dqb1	678711.0261	NA18634	03:03	03:03:02
09_01_02_01	hla_drb1	5582844.5197	NA18634	09:01	09:01:02
09_01_02_05	hla_drb1	2834990.5402	NA18634	09:01	09:01:02
02_02_02_01	hla_dpa1	1727169.5474	NA18627	02:02	02:02:02
02_02_02_01	hla_dpa1	863584.7737	NA18627	02:02	02:02:02
05_01_01_01	hla_dpb1	4420613.2074	NA18627	05:01	05:01:01
05_01_01_01	hla_dpb1	2210306.6037	NA18627	05:01	05:01:01
04_01_01_09	hla_dqa1	2594843.6879	NA18627	04:01	04:01:01
05_05_01_02	hla_dqa1	2384104.4007	NA18627	05:05	05:05:01
03_01_01_01	hla_dqb1	835756.3148	NA18627	03:01	03:01:01
03_01_01_07	hla_dqb1	1666828.4927	NA18627	03:01	03:01:01
08_06_01_01	hla_drb1	2486894.6546	NA18627	08:06	08:06:01
12_02_01_01	hla_drb1	1878262.1574	NA18627	12:02	12:02:01
02_02_02_01	hla_dpa1	4835509.9925	HG00729	02:02	02:02:02
02_02_02_01	hla_dpa1	2417754.9962	HG00729	02:02	02:02:02
02_01_02_29	hla_dpb1	2875542.1429	HG00729	02:01	02:01:02
05_01_01_01	hla_dpb1	1862293.918	HG00729	05:01	05:01:01
03_03_01_01	hla_dqa1	1998840.984	HG00729	03:03	03:03:01
05_05_01_01	hla_dqa1	1549786.5476	HG00729	05:05	05:05:01
03_01_01_01	hla_dqb1	860991.7206	HG00729	03:01	03:01:01
04_01_01_02	hla_dqb1	1142495.0574	HG00729	04:01	04:01:01
04_05_01_01	hla_drb1	2026030.5273	HG00729	04:05	04:05:01
12_01_01_04	hla_drb1	2480756.6713	HG00729	12:01	12:01:01
02_02_02_01	hla_dpa1	2064663.8758	NA18629	02:02	02:02:02
02_02_02_05	hla_dpa1	1036925.4986	NA18629	02:02	02:02:02
05_01_01_01	hla_dpb1	4551849.1916	NA18629	05:01	05:01:01
05_01_01_01	hla_dpb1	2275924.5958	NA18629	05:01	05:01:01
01_04_01_01	hla_dqa1	3425541.5329	NA18629	01:04	01:04:01
04_01_01_09	hla_dqa1	2158162.5588	NA18629	04:01	04:01:01
03_01_01_07	hla_dqb1	1025226.5514	NA18629	03:01	03:01:01
05_02_01_01	hla_dqb1	1342481.7635	NA18629	05:02	05:02:01
12_02_01_01	hla_drb1	2823061.3435	NA18629	12:02	12:02:01
14_54_01_01	hla_drb1	3347357.2867	NA18629	14:54	14:54:01
02_02_02_01	hla_dpa1	1908069.5221	NA18747	02:02	02:02:02
02_02_02_01	hla_dpa1	954034.761	NA18747	02:02	02:02:02
02_01_02_57	hla_dpb1	7373917.9972	NA18747	02:01	02:01:02
02_01_02_57	hla_dpb1	3686958.9986	NA18747	02:01	02:01:02
01_02_01_01	hla_dqa1	5019028.0123	NA18747	01:02	01:02:01
01_04_01_01	hla_dqa1	3059579.7041	NA18747	01:04	01:04:01
05_03_01_02	hla_dqb1	1648168.7457	NA18747	05:03	05:03:01
06_02_01_01	hla_dqb1	1912725.014	NA18747	06:02	06:02:01
14_05_01_01	hla_drb1	2031252.5196	NA18747	14:05	14:05:01
15_01_01_03	hla_drb1	3617129.5276	NA18747	15:01	15:01:01
02_02_02_01	hla_dpa1	4348615.1432	NA18960	02:02	02:02:02
02_02_02_01	hla_dpa1	2174307.5716	NA18960	02:02	02:02:02
05_01_01_01	hla_dpb1	1526559.1277	NA18960	05:01	05:01:01
05_01_01_04	hla_dpb1	2976423.2529	NA18960	05:01	05:01:01
03_02_01_01	hla_dqa1	2046853.2276	NA18960	03:02	03:02:01
03_03_01_03	hla_dqa1	3944114.01	NA18960	03:03	03:03:01
03_03_02_02	hla_dqb1	654892.5597	NA18960	03:03	03:03:02
04_01_01_01	hla_dqb1	1139204.6256	NA18960	04:01	04:01:01
04_05_01_01	hla_drb1	1645889.1613	NA18960	04:05	04:05:01
09_01_02_01	hla_drb1	2709804.807	NA18960	09:01	09:01:02
01_03_01_01	hla_dpa1	2845534.9506	NA18541	01:03	01:03:01
02_02_02_05	hla_dpa1	3854415.8567	NA18541	02:02	02:02:02
05_01_01_28	hla_dpb1	2904894.6392	NA18541	05:01	05:01:01
13_01_01_01	hla_dpb1	1808423.346	NA18541	13:01	13:01:01
01_02_02_01	hla_dqa1	3453576.6856	NA18541	01:02	01:02:02
03_03_01_01	hla_dqa1	2527030.0597	NA18541	03:03	03:03:01
04_02_01_01	hla_dqb1	893875.0265	NA18541	04:02	04:02:01
05_02_01_01	hla_dqb1	1211237.847	NA18541	05:02	05:02:01
04_04_01_01	hla_drb1	2111984.4183	NA18541	04:04	04:04:01
16_02_01_01	hla_drb1	2835620.6848	NA18541	16:02	16:02:01
01_03_01_04	hla_dpa1	2321235.83	NA18617	01:03	01:03:01
02_02_02_01	hla_dpa1	1346018.4829	NA18617	02:02	02:02:02
04_01_01_04	hla_dpb1	8672352.7507	NA18617	04:01	04:01:01
04_01_01_04	hla_dpb1	4336176.3753	NA18617	04:01	04:01:01
03_03_01_01	hla_dqa1	3389327.7079	NA18617	03:03	03:03:01
05_01_01_01	hla_dqa1	3425598.7535	NA18617	05:01	05:01:01
02_01_01_01	hla_dqb1	1517702.3463	NA18617	02:01	02:01:01
04_01_01_01	hla_dqb1	1202345.6429	NA18617	04:01	04:01:01
03_01_01_02	hla_drb1	2395098.3865	NA18617	03:01	03:01:01
04_05_01_01	hla_drb1	2083781.6712	NA18617	04:05	04:05:01
02_02_02_01	hla_dpa1	1602191.4542	HG00565	02:02	02:02:02
02_02_02_01	hla_dpa1	801095.7271	HG00565	02:02	02:02:02
05_01_01_01	hla_dpb1	4068412.6758	HG00565	05:01	05:01:01
05_01_01_01	hla_dpb1	2034206.3379	HG00565	05:01	05:01:01
01_02_02_01	hla_dqa1	5786739.4141	HG00565	01:02	01:02:02
01_02_02_01	hla_dqa1	2893369.7071	HG00565	01:02	01:02:02
05_02_01_01	hla_dqb1	2735118.9599	HG00565	05:02	05:02:01
05_02_01_01	hla_dqb1	1367559.48	HG00565	05:02	05:02:01
16_02_01_01	hla_drb1	6111624.3709	HG00565	16:02	16:02:01
16_02_01_01	hla_drb1	3055812.1854	HG00565	16:02	16:02:01
02_02_02_01	hla_dpa1	1337510.0217	HG00717	02:02	02:02:02
02_07_01_01	hla_dpa1	799804.5099	HG00717	02:07	02:07:01
05_01_01_01	hla_dpb1	3391594.8545	HG00717	05:01	05:01:01
19_01_01_01	hla_dpb1	1941855.2146	HG00717	19:01	19:01:01
01_04_01_01	hla_dqa1	3093686.3664	HG00717	01:04	01:04:01
01_05_01_01	hla_dqa1	5180484.9869	HG00717	01:05	01:05:01
05_01_01_03	hla_dqb1	1769733.4922	HG00717	05:01	05:01:01
05_03_01_02	hla_dqb1	1077847.6342	HG00717	05:03	05:03:01
10_01_01_03	hla_drb1	2132803.1827	HG00717	10:01	10:01:01
14_04_01_01	hla_drb1	3227186.2698	HG00717	14:04	14:04:01
01_03_01_01	hla_dpa1	896170.0757	NA18957	01:03	01:03:01
02_01_01_01	hla_dpa1	529192.728	NA18957	02:01	02:01:01
02_01_02_01	hla_dpb1	1915517.7643	NA18957	02:01	02:01:02
02_01_02_35	hla_dpb1	3812444.1928	NA18957	02:01	02:01:02
01_03_01_01	hla_dqa1	1903662.3474	NA18957	01:03	01:03:01
03_03_01_01	hla_dqa1	1444250.3848	NA18957	03:03	03:03:01
04_02_01_09	hla_dqb1	552553.7385	NA18957	04:02	04:02:01
06_01_01_01	hla_dqb1	770856.6442	NA18957	06:01	06:01:01
04_05_01_01	hla_drb1	919402.2975	NA18957	04:05	04:05:01
15_02_01_03	hla_drb1	1592665.1783	NA18957	15:02	15:02:01
02_02_02_01	hla_dpa1	4563099.2808	HG00404	02:02	02:02:02
02_02_02_01	hla_dpa1	2281549.6404	HG00404	02:02	02:02:02
02_02_01_02	hla_dpb1	2598494.8772	HG00404	02:02	02:02:01
03_01_01_02	hla_dpb1	1574810.6635	HG00404	03:01	03:01:01
05_05_01_03	hla_dqa1	3576016.4706	HG00404	05:05	05:05:01
05_05_01_28	hla_dqa1	1791496.2728	HG00404	05:05	05:05:01
03_01_01_01	hla_dqb1	1005301.4124	HG00404	03:01	03:01:01
03_01_01_01	hla_dqb1	502650.7062	HG00404	03:01	03:01:01
11_01_01_01	hla_drb1	3397510.8525	HG00404	11:01	11:01:01
12_01_01_04	hla_drb1	2267962.3283	HG00404	12:01	12:01:01
01_03_01_01	hla_dpa1	2611578.279	NA18969	01:03	01:03:01
02_01_01_02	hla_dpa1	1838921.0973	NA18969	02:01	02:01:01
02_01_02_05	hla_dpb1	2206940.2674	NA18969	02:01	02:01:02
09_01_01_01	hla_dpb1	1820544.5209	NA18969	09:01	09:01:01
01_03_01_01	hla_dqa1	2674097.5345	NA18969	01:03	01:03:01
01_04_01_01	hla_dqa1	2887664.5607	NA18969	01:04	01:04:01
05_02_01_01	hla_dqb1	1126323.3277	NA18969	05:02	05:02:01
06_01_01_01	hla_dqb1	1126232.3814	NA18969	06:01	06:01:01
14_07_01	hla_drb1	2551935.5182	NA18969	14:07	14:07:01
15_02_01_03	hla_drb1	2616269.1446	NA18969	15:02	15:02:01
02_02_02_01	hla_dpa1	2803104.6378	HG00403	02:02	02:02:02
02_02_02_01	hla_dpa1	1401552.3189	HG00403	02:02	02:02:02
02_02_01_02	hla_dpb1	2713003.9123	HG00403	02:02	02:02:01
02_02_01_02	hla_dpb1	1356501.9562	HG00403	02:02	02:02:01
01_02_01_01	hla_dqa1	1630618.3465	HG00403	01:02	01:02:01
06_01_01_03	hla_dqa1	1256669.3054	HG00403	06:01	06:01:01
06_02_01_01	hla_dqb1	991127.9781	HG00403	06:02	06:02:01
06_02_01_01	hla_dqb1	495563.989	HG00403	06:02	06:02:01
12_02_01_01	hla_drb1	1338615.4001	HG00403	12:02	12:02:01
15_01_01_02	hla_drb1	1424281.2278	HG00403	15:01	15:01:01
02_02_02_01	hla_dpa1	1332551.7324	NA18630	02:02	02:02:02
02_02_02_01	hla_dpa1	666275.8662	NA18630	02:02	02:02:02
02_02_01_02	hla_dpb1	4995885.9261	NA18630	02:02	02:02:01
02_02_01_02	hla_dpb1	2497942.9631	NA18630	02:02	02:02:01
05_05_01_01	hla_dqa1	3064084.2072	NA18630	05:05	05:05:01
05_05_01_01	hla_dqa1	1532042.1036	NA18630	05:05	05:05:01
03_01_01_01	hla_dqb1	1332492.2958	NA18630	03:01	03:01:01
03_01_01_01	hla_dqb1	666246.1479	NA18630	03:01	03:01:01
08_06_01_01	hla_drb1	1199151.9622	NA18630	08:06	08:06:01
11_01_01_01	hla_drb1	1778157.0945	NA18630	11:01	11:01:01
02_01_01_02	hla_dpa1	3157833.3271	NA18970	02:01	02:01:01
02_02_02_01	hla_dpa1	1999780.3195	NA18970	02:02	02:02:02
05_01_01_28	hla_dpb1	2818180.4143	NA18970	05:01	05:01:01
09_01_01_01	hla_dpb1	1671075.807	NA18970	09:01	09:01:01
01_04_01_01	hla_dqa1	2905959.3771	NA18970	01:04	01:04:01
03_03_01_01	hla_dqa1	2331235.7662	NA18970	03:03	03:03:01
03_01_01_01	hla_dqb1	680094.4043	NA18970	03:01	03:01:01
05_03_01_02	hla_dqb1	1047879.6535	NA18970	05:03	05:03:01
04_01_01_01	hla_drb1	1949352.053	NA18970	04:01	04:01:01
14_04_01_01	hla_drb1	2634580.9193	NA18970	14:04	14:04:01
01_03_01_01	hla_dpa1	2914112.2624	HG00622	01:03	01:03:01
02_02_02_01	hla_dpa1	2363834.3902	HG00622	02:02	02:02:02
02_01_02_01	hla_dpb1	2251698.5301	HG00622	02:01	02:01:02
02_01_02_57	hla_dpb1	4489430.1728	HG00622	02:01	02:01:02
01_02_01_01	hla_dqa1	2655712.6235	HG00622	01:02	01:02:01
05_05_01_02	hla_dqa1	1568562.4785	HG00622	05:05	05:05:01
06_02_01_01	hla_dqb1	2368552.873	HG00622	06:02	06:02:01
06_02_01_01	hla_dqb1	1184276.4365	HG00622	06:02	06:02:01
11_01_01_01	hla_drb1	2463184.5892	HG00622	11:01	11:01:01
15_01_01_02	hla_drb1	2373632.2428	HG00622	15:01	15:01:01
02_02_02_05	hla_dpa1	1787834.8463	NA18643	02:02	02:02:02
02_02_02_05	hla_dpa1	893917.4232	NA18643	02:02	02:02:02
05_01_01_01	hla_dpb1	4583401.2566	NA18643	05:01	05:01:01
05_01_01_01	hla_dpb1	2291700.6283	NA18643	05:01	05:01:01
03_01_01_01	hla_dqa1	2270852.9676	NA18643	03:01	03:01:01
05_05_01_34	hla_dqa1	2001347.2992	NA18643	05:05	05:05:01
03_01_01_01	hla_dqb1	821779.7408	NA18643	03:01	03:01:01
03_02_01_01	hla_dqb1	849833.6747	NA18643	03:02	03:02:01
04_03_01_01	hla_drb1	1448819.5334	NA18643	04:03	04:03:01
12_01_01_04	hla_drb1	1657596.4404	NA18643	12:01	12:01:01
01_03_01_01	hla_dpa1	2331457.9313	NA18531	01:03	01:03:01
01_03_01_05	hla_dpa1	1184310.4732	NA18531	01:03	01:03:01
02_01_02_01	hla_dpb1	4611753.6386	NA18531	02:01	02:01:02
416_01_01_02	hla_dpb1	8972803.5294	NA18531	416:01	416:01:01
01_02_01_01	hla_dqa1	3729318.3547	NA18531	01:02	01:02:01
01_04_01_01	hla_dqa1	2331258.5869	NA18531	01:04	01:04:01
05_03_01_02	hla_dqb1	1191215.4169	NA18531	05:03	05:03:01
06_02_01_01	hla_dqb1	1393104.2209	NA18531	06:02	06:02:01
14_05_01_01	hla_drb1	1149421.6278	NA18531	14:05	14:05:01
15_01_01_02	hla_drb1	2266200.6893	NA18531	15:01	15:01:01
01_03_01_01	hla_dpa1	2444693.5651	NA18967	01:03	01:03:01
02_02_02_01	hla_dpa1	1946165.7189	NA18967	02:02	02:02:02
02_01_02_07	hla_dpb1	4177584.7636	NA18967	02:01	02:01:02
02_01_02_57	hla_dpb1	2100272.2628	NA18967	02:01	02:01:02
01_04_01_01	hla_dqa1	2919511.9564	NA18967	01:04	01:04:01
03_02_01_01	hla_dqa1	2450488.661	NA18967	03:02	03:02:01
03_03_02_02	hla_dqb1	946548.1615	NA18967	03:03	03:03:02
05_03_01_02	hla_dqb1	1263301.352	NA18967	05:03	05:03:01
09_01_02_01	hla_drb1	2419324.1873	NA18967	09:01	09:01:02
14_05_01_01	hla_drb1	2680008.2231	NA18967	14:05	14:05:01
01_03_01_01	hla_dpa1	1669146.1464	NA18644	01:03	01:03:01
02_07_01_01	hla_dpa1	866799.7604	NA18644	02:07	02:07:01
02_01_02_01	hla_dpb1	4083255.5438	NA18644	02:01	02:01:02
19_01_01_04	hla_dpb1	2471317.876	NA18644	19:01	19:01:01
01_02_01_01	hla_dqa1	3618571.9509	NA18644	01:02	01:02:01
01_03_01_01	hla_dqa1	4942204.9487	NA18644	01:03	01:03:01
05_02_01_01	hla_dqb1	1245957.4338	NA18644	05:02	05:02:01
06_01_01_01	hla_dqb1	1379481.0733	NA18644	06:01	06:01:01
15_01_01_02	hla_drb1	7278882.0088	NA18644	15:01	15:01:01
15_02_01_03	hla_drb1	3963704.8277	NA18644	15:02	15:02:01
01_03_01_01	hla_dpa1	2997756.794	HG00409	01:03	01:03:01
02_02_02_01	hla_dpa1	2106925.4689	HG00409	02:02	02:02:02
02_01_02_01	hla_dpb1	2414418.9113	HG00409	02:01	02:01:02
05_01_01_01	hla_dpb1	1701431.3703	HG00409	05:01	05:01:01
01_03_01_01	hla_dqa1	2620737.1986	HG00409	01:03	01:03:01
03_01_01_01	hla_dqa1	2205064.742	HG00409	03:01	03:01:01
03_02_01_01	hla_dqb1	906381.1104	HG00409	03:02	03:02:01
06_01_01_01	hla_dqb1	1449622.6068	HG00409	06:01	06:01:01
04_03_01_01	hla_drb1	2008809.8332	HG00409	04:03	04:03:01
08_03_02_02	hla_drb1	1895554.2321	HG00409	08:03	08:03:02
02_02_02_05	hla_dpa1	6264045.2718	NA18961	02:02	02:02:02
02_02_02_05	hla_dpa1	3132022.6359	NA18961	02:02	02:02:02
05_01_01_01	hla_dpb1	3977564.0218	NA18961	05:01	05:01:01
05_01_01_01	hla_dpb1	1988782.0109	NA18961	05:01	05:01:01
03_02_01_01	hla_dqa1	2159414.7692	NA18961	03:02	03:02:01
03_03_01_01	hla_dqa1	4200017.0623	NA18961	03:03	03:03:01
03_03_02_02	hla_dqb1	900110.7526	NA18961	03:03	03:03:02
04_01_01_01	hla_dqb1	1559828.7619	NA18961	04:01	04:01:01
04_05_01_01	hla_drb1	2416744.4683	NA18961	04:05	04:05:01
09_01_02_01	hla_drb1	2398129.9544	NA18961	09:01	09:01:02
02_02_02_01	hla_dpa1	3954835.4424	HG00410	02:02	02:02:02
02_02_02_01	hla_dpa1	1977417.7212	HG00410	02:02	02:02:02
02_02_01_02	hla_dpb1	2620312.7488	HG00410	02:02	02:02:01
05_01_01_01	hla_dpb1	1731445.6948	HG00410	05:01	05:01:01
03_02_01_01	hla_dqa1	1666889.3424	HG00410	03:02	03:02:01
06_01_01_03	hla_dqa1	2054487.1429	HG00410	06:01	06:01:01
03_01_01_07	hla_dqb1	639152.9499	HG00410	03:01	03:01:01
03_03_02_02	hla_dqb1	1082951.2223	HG00410	03:03	03:03:02
09_01_02_01	hla_drb1	1990495.2266	HG00410	09:01	09:01:02
12_02_01_01	hla_drb1	1750605.041	HG00410	12:02	12:02:01
01_03_01_01	hla_dpa1	1328856.82	NA18648	01:03	01:03:01
02_01_01_02	hla_dpa1	981708.7758	NA18648	02:01	02:01:01
02_01_02_04	hla_dpb1	3103222.4701	NA18648	02:01	02:01:02
05_01_01_01	hla_dpb1	1910122.1366	NA18648	05:01	05:01:01
01_02_01_01	hla_dqa1	3789093.3142	NA18648	01:02	01:02:01
01_03_01_01	hla_dqa1	3007108.3201	NA18648	01:03	01:03:01
06_01_01_01	hla_dqb1	1082556.5287	NA18648	06:01	06:01:01
06_02_01_01	hla_dqb1	1599989.8944	NA18648	06:02	06:02:01
08_03_02_02	hla_drb1	2901149.5579	NA18648	08:03	08:03:02
15_01_01_02	hla_drb1	3857463.8793	NA18648	15:01	15:01:01
01_03_01_03	hla_dpa1	1620647.1271	HG00593	01:03	01:03:01
02_07_01_01	hla_dpa1	958905.4443	HG00593	02:07	02:07:01
03_01_01_01	hla_dpb1	3900723.9021	HG00593	03:01	03:01:01
19_01_01_01	hla_dpb1	2289337.038	HG00593	19:01	19:01:01
01_02_01_01	hla_dqa1	3324974.5405	HG00593	01:02	01:02:01
03_01_01_01	hla_dqa1	2254480.1239	HG00593	03:01	03:01:01
03_02_01_01	hla_dqb1	844975.6584	HG00593	03:02	03:02:01
06_02_01_01	hla_dqb1	1625152.156	HG00593	06:02	06:02:01
15_01_01_02	hla_drb1	3046264.7789	HG00593	15:01	15:01:01
15_01_01_03	hla_drb1	1525451.9061	HG00593	15:01	15:01:01
01_03_01_01	hla_dpa1	3794310.5777	HG00598	01:03	01:03:01
02_02_02_01	hla_dpa1	2791640.0018	HG00598	02:02	02:02:02
02_01_02_11	hla_dpb1	3186403.878	HG00598	02:01	02:01:02
05_01_01_29	hla_dpb1	2431831.4353	HG00598	05:01	05:01:01
03_02_01_01	hla_dqa1	2571666.9202	HG00598	03:02	03:02:01
05_05_01_01	hla_dqa1	1925259.4542	HG00598	05:05	05:05:01
03_01_01_01	hla_dqb1	897590.4495	HG00598	03:01	03:01:01
03_03_02_02	hla_dqb1	1362318.1292	HG00598	03:03	03:03:02
09_01_02_01	hla_drb1	2600776.3302	HG00598	09:01	09:01:02
11_01_01_01	hla_drb1	3004957.8755	HG00598	11:01	11:01:01
01_03_01_01	hla_dpa1	3053845.9796	HG00728	01:03	01:03:01
02_02_02_01	hla_dpa1	2239741.1239	HG00728	02:02	02:02:02
02_01_02_01	hla_dpb1	2812340.7402	HG00728	02:01	02:01:02
05_01_01_01	hla_dpb1	1743323.4967	HG00728	05:01	05:01:01
01_03_01_01	hla_dqa1	2680204.234	HG00728	01:03	01:03:01
03_01_01_01	hla_dqa1	2372543.948	HG00728	03:01	03:01:01
03_02_01_01	hla_dqb1	1011330.2271	HG00728	03:02	03:02:01
06_01_01_01	hla_dqb1	1575732.7609	HG00728	06:01	06:01:01
04_06_01	hla_drb1	1999966.7357	HG00728	04:06	04:06:01
08_03_02_02	hla_drb1	2141700.9384	HG00728	08:03	08:03:02
01_03_01_01	hla_dpa1	1518550.1707	HG00625	01:03	01:03:01
02_02_02_05	hla_dpa1	1117171.3713	HG00625	02:02	02:02:02
02_01_02_01	hla_dpb1	921820.4959	HG00625	02:01	02:01:02
02_02_01_02	hla_dpb1	1675827.2543	HG00625	02:02	02:02:01
01_02_01_01	hla_dqa1	1190262.7169	HG00625	01:02	01:02:01
03_01_01_01	hla_dqa1	1077411.4158	HG00625	03:01	03:01:01
06_02_01_01	hla_dqb1	736303.6938	HG00625	06:02	06:02:01
06_02_01_01	hla_dqb1	368151.8469	HG00625	06:02	06:02:01
04_06_01	hla_drb1	757570.9297	HG00625	04:06	04:06:01
15_01_01_02	hla_drb1	1078876.9034	HG00625	15:01	15:01:01
02_01_01_02	hla_dpa1	1039750.8313	NA18956	02:01	02:01:01
02_02_02_05	hla_dpa1	1912424.1168	NA18956	02:02	02:02:02
05_01_01_01	hla_dpb1	5153247.671	NA18956	05:01	05:01:01
09_01_01_01	hla_dpb1	2917781.7149	NA18956	09:01	09:01:01
01_03_01_01	hla_dqa1	3848432.1101	NA18956	01:03	01:03:01
03_02_01_01	hla_dqa1	2732452.8569	NA18956	03:02	03:02:01
03_03_02_02	hla_dqb1	997912.7498	NA18956	03:03	03:03:02
06_01_01_01	hla_dqb1	1276523.1012	NA18956	06:01	06:01:01
09_01_02_01	hla_drb1	1868507.2858	NA18956	09:01	09:01:02
15_02_01_03	hla_drb1	3695704.1363	NA18956	15:02	15:02:01
02_02_02_01	hla_dpa1	1643710.7126	NA18528	02:02	02:02:02
02_07_01_01	hla_dpa1	958842.8589	NA18528	02:07	02:07:01
02_02_01_02	hla_dpb1	3415278.538	NA18528	02:02	02:02:01
04_01_01_40	hla_dpb1	6765514.1089	NA18528	04:01	04:01:01
01_04_01_01	hla_dqa1	5701770.2041	NA18528	01:04	01:04:01
01_04_01_01	hla_dqa1	2850885.1021	NA18528	01:04	01:04:01
05_02_01_01	hla_dqb1	2214773.3674	NA18528	05:02	05:02:01
05_03_01_01	hla_dqb1	1543769.1482	NA18528	05:03	05:03:01
08_06_01_02	hla_drb1	2228632.3244	NA18528	08:06	08:06:01
14_04_01_01	hla_drb1	3241059.6801	NA18528	14:04	14:04:01
02_01_01_01	hla_dpa1	3028206.0222	NA18966	02:01	02:01:01
02_02_02_01	hla_dpa1	1817072.391	NA18966	02:02	02:02:02
05_01_01_14	hla_dpb1	2950495.7772	NA18966	05:01	05:01:01
13_01_01_04	hla_dpb1	1794363.6701	NA18966	13:01	13:01:01
01_02_01_01	hla_dqa1	5763839.0636	NA18966	01:02	01:02:01
01_02_01_01	hla_dqa1	2881919.5318	NA18966	01:02	01:02:01
06_02_01_01	hla_dqb1	2696705.9513	NA18966	06:02	06:02:01
06_02_01_01	hla_dqb1	1348352.9757	NA18966	06:02	06:02:01
15_01_01_02	hla_drb1	4806589.2517	NA18966	15:01	15:01:01
15_01_01_02	hla_drb1	2403294.6258	NA18966	15:01	15:01:01
01_03_01_05	hla_dpa1	1564700.2241	NA18628	01:03	01:03:01
02_02_02_01	hla_dpa1	914751.9239	NA18628	02:02	02:02:02
04_02_01_02	hla_dpb1	6458602.011	NA18628	04:02	04:02:01
04_02_01_17	hla_dpb1	3254811.6058	NA18628	04:02	04:02:01
03_02_01_01	hla_dqa1	2242498.3719	NA18628	03:02	03:02:01
05_01_01_01	hla_dqa1	2372101.6158	NA18628	05:01	05:01:01
02_01_01_01	hla_dqb1	858979.6041	NA18628	02:01	02:01:01
03_03_02_02	hla_dqb1	840099.1518	NA18628	03:03	03:03:02
03_01_01_03	hla_drb1	1815398.6154	NA18628	03:01	03:01:01
09_01_02_01	hla_drb1	1457339.6177	NA18628	09:01	09:01:02
02_02_02_01	hla_dpa1	4706797.0703	NA18533	02:02	02:02:02
02_02_02_01	hla_dpa1	2353398.5351	NA18533	02:02	02:02:02
05_01_01_01	hla_dpb1	3407879.9769	NA18533	05:01	05:01:01
05_01_01_01	hla_dpb1	1703939.9885	NA18533	05:01	05:01:01
01_03_01_01	hla_dqa1	2601899.4068	NA18533	01:03	01:03:01
03_03_01_03	hla_dqa1	2225044.4734	NA18533	03:03	03:03:01
04_01_01_01	hla_dqb1	713747.5467	NA18533	04:01	04:01:01
06_01_01_01	hla_dqb1	1109988.5276	NA18533	06:01	06:01:01
04_05_01_01	hla_drb1	1740226.0626	NA18533	04:05	04:05:01
08_03_02_02	hla_drb1	2353557.3503	NA18533	08:03	08:03:02
02_02_02_01	hla_dpa1	4591118.6892	HG00675	02:02	02:02:02
02_02_02_01	hla_dpa1	2295559.3446	HG00675	02:02	02:02:02
05_01_01_01	hla_dpb1	3595487.1443	HG00675	05:01	05:01:01
05_01_01_01	hla_dpb1	1797743.5722	HG00675	05:01	05:01:01
01_02_02_01	hla_dqa1	2799161.0952	HG00675	01:02	01:02:02
05_01_01_01	hla_dqa1	1628167.1934	HG00675	05:01	05:01:01
02_01_01_01	hla_dqb1	936250.2134	HG00675	02:01	02:01:01
05_02_01_01	hla_dqb1	1386790.77	HG00675	05:02	05:02:01
03_01_01_01	hla_drb1	2237560.4839	HG00675	03:01	03:01:01
16_02_01_01	hla_drb1	3081192.1424	HG00675	16:02	16:02:01
01_03_01_03	hla_dpa1	2274367.649	HG00623	01:03	01:03:01
02_02_02_01	hla_dpa1	1731291.7381	HG00623	02:02	02:02:02
02_02_01_02	hla_dpb1	3661344.282	HG00623	02:02	02:02:01
02_02_01_02	hla_dpb1	1830672.141	HG00623	02:02	02:02:01
01_04_01_01	hla_dqa1	2180598.5724	HG00623	01:04	01:04:01
05_05_01_03	hla_dqa1	1421922.032	HG00623	05:05	05:05:01
05_03_01_01	hla_dqb1	1152979.2507	HG00623	05:03	05:03:01
05_03_01_01	hla_dqb1	576489.6254	HG00623	05:03	05:03:01
12_01_01_04	hla_drb1	1626417.566	HG00623	12:01	12:01:01
14_54_01_01	hla_drb1	2676492.0259	HG00623	14:54	14:54:01
01_03_01_05	hla_dpa1	2188734.0442	HG00610	01:03	01:03:01
02_07_01_01	hla_dpa1	1489108.3552	HG00610	02:07	02:07:01
02_02_01_02	hla_dpb1	2234755.7536	HG00610	02:02	02:02:01
04_02_01_01	hla_dpb1	1324826.9104	HG00610	04:02	04:02:01
05_05_01_02	hla_dqa1	2290662.5488	HG00610	05:05	05:05:01
05_05_01_32	hla_dqa1	1145332.6329	HG00610	05:05	05:05:01
03_01_01_01	hla_dqb1	809825.5647	HG00610	03:01	03:01:01
03_01_01_01	hla_dqb1	404912.7824	HG00610	03:01	03:01:01
12_01_01_04	hla_drb1	2869643.6227	HG00610	12:01	12:01:01
12_01_01_04	hla_drb1	1434821.8114	HG00610	12:01	12:01:01
01_03_01_05	hla_dpa1	1644013.7222	NA18619	01:03	01:03:01
01_03_01_15	hla_dpa1	824329.7699	NA18619	01:03	01:03:01
04_02_01_01	hla_dpb1	3069690.9967	NA18619	04:02	04:02:01
04_02_01_17	hla_dpb1	6079004.023	NA18619	04:02	04:02:01
01_01_01_01	hla_dqa1	3626613.3929	NA18619	01:01	01:01:01
01_03_01_01	hla_dqa1	3053288.7891	NA18619	01:03	01:03:01
05_01_24_01	hla_dqb1	1165493.7674	NA18619	05:01	05:01:24
06_01_01_01	hla_dqb1	905502.9956	NA18619	06:01	06:01:01
15_02_01_03	hla_drb1	5382190.8967	NA18619	15:02	15:02:01
15_02_01_03	hla_drb1	2691095.4483	NA18619	15:02	15:02:01
01_03_01_03	hla_dpa1	1509250.0097	NA18639	01:03	01:03:01
01_33_02	hla_dpa1	819693.4594	NA18639	01:33	01:33:02
22_01_01_01	hla_dpb1	1527729.6637	NA18639	22:01	22:01:01
36_01	hla_dpb1	2767613.2513	NA18639	36:01	36:01
01_04_01_01	hla_dqa1	2712168.4713	NA18639	01:04	01:04:01
04_01_01_09	hla_dqa1	2254259.4334	NA18639	04:01	04:01:01
03_01_01_07	hla_dqb1	710446.6238	NA18639	03:01	03:01:01
05_03_01_02	hla_dqb1	1263086.8382	NA18639	05:03	05:03:01
08_06_01_01	hla_drb1	972051.5264	NA18639	08:06	08:06:01
14_05_01_01	hla_drb1	1634495.3674	NA18639	14:05	14:05:01
01_03_01_02	hla_dpa1	1733633.5916	NA18646	01:03	01:03:01
02_07_01_04	hla_dpa1	1377252.3334	NA18646	02:07	02:07:01
04_01_01_01	hla_dpb1	4607440.8438	NA18646	04:01	04:01:01
19_01_01_01	hla_dpb1	3202620.9835	NA18646	19:01	19:01:01
03_01_01_01	hla_dqa1	3430356.313	NA18646	03:01	03:01:01
03_03_01_01	hla_dqa1	6313499.7081	NA18646	03:03	03:03:01
03_01_01_01	hla_dqb1	1333294.869	NA18646	03:01	03:01:01
03_02_01_01	hla_dqb1	1149477.9251	NA18646	03:02	03:02:01
04_01_01_01	hla_drb1	2625334.7961	NA18646	04:01	04:01:01
04_03_01_01	hla_drb1	5025566.4046	NA18646	04:03	04:03:01
02_02_02_01	hla_dpa1	1118873.8933	HG00611	02:02	02:02:02
02_02_02_05	hla_dpa1	2234259.8482	HG00611	02:02	02:02:02
05_01_01_01	hla_dpb1	1633658.21	HG00611	05:01	05:01:01
05_01_01_01	hla_dpb1	816829.105	HG00611	05:01	05:01:01
03_03_01_01	hla_dqa1	1061943.5972	HG00611	03:03	03:03:01
05_05_01_01	hla_dqa1	949686.0898	HG00611	05:05	05:05:01
03_01_01_01	hla_dqb1	328063.1313	HG00611	03:01	03:01:01
04_01_01_02	hla_dqb1	294890.4003	HG00611	04:01	04:01:01
04_05_01_01	hla_drb1	755893.264	HG00611	04:05	04:05:01
11_01_01_01	hla_drb1	1162758.9742	HG00611	11:01	11:01:01
01_03_01_01	hla_dpa1	2164572.4903	HG00629	01:03	01:03:01
02_02_02_05	hla_dpa1	1375539.0741	HG00629	02:02	02:02:02
02_01_02_01	hla_dpb1	1734989.8733	HG00629	02:01	02:01:02
135_01_01_01	hla_dpb1	1129457.6583	HG00629	135:01	135:01:01
01_03_01_01	hla_dqa1	1683000.0715	HG00629	01:03	01:03:01
06_01_01_03	hla_dqa1	1408722.8402	HG00629	06:01	06:01:01
03_01_01_07	hla_dqb1	410166.2259	HG00629	03:01	03:01:01
06_01_01_01	hla_dqb1	698144.4979	HG00629	06:01	06:01:01
08_03_02_02	hla_drb1	2279305.9732	HG00629	08:03	08:03:02
12_02_01_01	hla_drb1	1370065.4648	HG00629	12:02	12:02:01
01_03_01_01	hla_dpa1	1420944.9522	NA18745	01:03	01:03:01
01_03_01_01	hla_dpa1	710472.4761	NA18745	01:03	01:03:01
02_01_02_05	hla_dpb1	5252301.0129	NA18745	02:01	02:01:02
02_01_02_29	hla_dpb1	2651635.2873	NA18745	02:01	02:01:02
05_03_01_01	hla_dqa1	2017520.6719	NA18745	05:03	05:03:01
06_01_01_03	hla_dqa1	2395893.7169	NA18745	06:01	06:01:01
03_01_01_01	hla_dqb1	754547.4537	NA18745	03:01	03:01:01
03_01_01_07	hla_dqb1	1504442.4955	NA18745	03:01	03:01:01
12_02_01_03	hla_drb1	1430249.549	NA18745	12:02	12:02:01
14_02_01_01	hla_drb1	1875835.2166	NA18745	14:02	14:02:01
01_03_01_01	hla_dpa1	1537101.9732	HG00596	01:03	01:03:01
02_02_02_01	hla_dpa1	942554.3139	HG00596	02:02	02:02:02
02_01_02_05	hla_dpb1	6437296.6849	HG00596	02:01	02:01:02
02_01_02_29	hla_dpb1	3221005.1194	HG00596	02:01	02:01:02
03_02_01_01	hla_dqa1	2168839.3265	HG00596	03:02	03:02:01
05_05_01_01	hla_dqa1	2289340.5401	HG00596	05:05	05:05:01
03_01_01_01	hla_dqb1	768670.974	HG00596	03:01	03:01:01
03_03_02_01	hla_dqb1	900960.4974	HG00596	03:03	03:03:02
09_01_02_01	hla_drb1	1541461.8895	HG00596	09:01	09:01:02
11_01_01_03	hla_drb1	1778549.7854	HG00596	11:01	11:01:01
01_03_01_12	hla_dpa1	1504460.6549	HG00628	01:03	01:03:01
02_02_02_05	hla_dpa1	1003460.5093	HG00628	02:02	02:02:02
02_02_01_02	hla_dpb1	1141972.8359	HG00628	02:02	02:02:01
104_01_01_01	hla_dpb1	782241.3232	HG00628	104:01	104:01:01
01_02_01_01	hla_dqa1	1215396.3788	HG00628	01:02	01:02:01
02_01_01_01	hla_dqa1	1037388.6135	HG00628	02:01	02:01:01
02_02_01_01	hla_dqb1	338744.6977	HG00628	02:02	02:02:01
06_01_01_01	hla_dqb1	432564.9118	HG00628	06:01	06:01:01
07_01_01_01	hla_drb1	843146.9808	HG00628	07:01	07:01:01
15_01_01_02	hla_drb1	939141.4527	HG00628	15:01	15:01:01
01_03_01_01	hla_dpa1	1473537.2694	HG00635	01:03	01:03:01
02_02_02_01	hla_dpa1	1153605.2381	HG00635	02:02	02:02:02
02_01_02_11	hla_dpb1	1738739.5406	HG00635	02:01	02:01:02
02_01_02_11	hla_dpb1	869369.7703	HG00635	02:01	02:01:02
01_02_01_01	hla_dqa1	1330521.3987	HG00635	01:02	01:02:01
05_05_01_01	hla_dqa1	961958.0659	HG00635	05:05	05:05:01
06_02_01_01	hla_dqb1	638712.4693	HG00635	06:02	06:02:01
06_02_01_01	hla_dqb1	319356.2347	HG00635	06:02	06:02:01
12_01_01_04	hla_drb1	1225678.1482	HG00635	12:01	12:01:01
15_01_01_02	hla_drb1	1040265.275	HG00635	15:01	15:01:01
02_01_01_02	hla_dpa1	984395.4825	NA18625	02:01	02:01:01
02_02_02_01	hla_dpa1	559440.389	NA18625	02:02	02:02:02
02_01_02_35	hla_dpb1	2314827.6752	NA18625	02:01	02:01:02
02_02_01_02	hla_dpb1	4625043.2517	NA18625	02:02	02:02:01
01_05_01_01	hla_dqa1	2172961.7468	NA18625	01:05	01:05:01
05_05_01_01	hla_dqa1	1504029.7428	NA18625	05:05	05:05:01
03_01_01_01	hla_dqb1	747329.1047	NA18625	03:01	03:01:01
05_01_01_02	hla_dqb1	1063307.7977	NA18625	05:01	05:01:01
10_01_01_01	hla_drb1	1527704.3125	NA18625	10:01	10:01:01
12_01_01_04	hla_drb1	1272207.7181	NA18625	12:01	12:01:01
02_02_02_01	hla_dpa1	698971.3415	NA18525	02:02	02:02:02
02_07_01_01	hla_dpa1	1286354.6937	NA18525	02:07	02:07:01
05_01_01_08	hla_dpb1	1934093.897	NA18525	05:01	05:01:01
19_01_01_04	hla_dpb1	3835727.9119	NA18525	19:01	19:01:01
01_03_01_01	hla_dqa1	2744540.1016	NA18525	01:03	01:03:01
03_02_01_01	hla_dqa1	2052781.6677	NA18525	03:02	03:02:01
03_03_02_01	hla_dqb1	849756.5622	NA18525	03:03	03:03:02
06_01_01_01	hla_dqb1	1165423.9469	NA18525	06:01	06:01:01
09_01_02_01	hla_drb1	1432437.2885	NA18525	09:01	09:01:02
15_02_01_03	hla_drb1	2577580.4883	NA18525	15:02	15:02:01
01_03_01_04	hla_dpa1	1704321.8895	NA18642	01:03	01:03:01
02_02_02_05	hla_dpa1	903287.5602	NA18642	02:02	02:02:02
02_02_01_02	hla_dpb1	12627564.7752	NA18642	02:02	02:02:01
04_01_01_01	hla_dpb1	6376441.3443	NA18642	04:01	04:01:01
01_01_01_01	hla_dqa1	5368837.9788	NA18642	01:01	01:01:01
01_02_01_01	hla_dqa1	3529545.3075	NA18642	01:02	01:02:01
05_01_01_01	hla_dqb1	1662381.4252	NA18642	05:01	05:01:01
06_02_01_01	hla_dqb1	2303262.4162	NA18642	06:02	06:02:01
01_01_01_01	hla_drb1	2494047.5624	NA18642	01:01	01:01:01
15_01_01_02	hla_drb1	3510977.5247	NA18642	15:01	15:01:01
01_03_01_01	hla_dpa1	2756856.6935	HG00599	01:03	01:03:01
02_02_02_01	hla_dpa1	1982731.0231	HG00599	02:02	02:02:02
02_01_02_01	hla_dpb1	2501961.8403	HG00599	02:01	02:01:02
05_01_01_01	hla_dpb1	1628123.1882	HG00599	05:01	05:01:01
03_01_01_01	hla_dqa1	1865869.3801	HG00599	03:01	03:01:01
06_01_01_03	hla_dqa1	2200916.7539	HG00599	06:01	06:01:01
03_01_01_07	hla_dqb1	801806.3106	HG00599	03:01	03:01:01
03_02_01_01	hla_dqb1	936343.9668	HG00599	03:02	03:02:01
04_06_01	hla_drb1	1900012.5148	HG00599	04:06	04:06:01
12_02_01_01	hla_drb1	1813373.2902	HG00599	12:02	12:02:01
02_02_02_01	hla_dpa1	2214368.1678	HG00560	02:02	02:02:02
02_02_02_01	hla_dpa1	1107184.0839	HG00560	02:02	02:02:02
02_01_02_29	hla_dpb1	8070247.3436	HG00560	02:01	02:01:02
02_02_01_02	hla_dpb1	4053689.7555	HG00560	02:02	02:02:01
01_02_01_01	hla_dqa1	4610919.0056	HG00560	01:02	01:02:01
01_03_01_01	hla_dqa1	3521847.7632	HG00560	01:03	01:03:01
06_01_01_01	hla_dqb1	1564569.0704	HG00560	06:01	06:01:01
06_02_01_01	hla_dqb1	2172593.0028	HG00560	06:02	06:02:01
08_03_02_02	hla_drb1	2256513.5073	HG00560	08:03	08:03:02
15_01_01_03	hla_drb1	3849445.7248	HG00560	15:01	15:01:01
02_01_01_02	hla_dpa1	2232851.6441	HG00631	02:01	02:01:01
02_02_02_01	hla_dpa1	3917017.5431	HG00631	02:02	02:02:02
05_01_01_01	hla_dpb1	3486945.8019	HG00631	05:01	05:01:01
05_01_01_04	hla_dpb1	1778418.8785	HG00631	05:01	05:01:01
03_02_01_01	hla_dqa1	1958609.9477	HG00631	03:02	03:02:01
06_01_01_03	hla_dqa1	2337052.117	HG00631	06:01	06:01:01
03_01_01_07	hla_dqb1	791331.0349	HG00631	03:01	03:01:01
03_03_02_01	hla_dqb1	1135026.59	HG00631	03:03	03:03:02
09_01_02_01	hla_drb1	2169492.5302	HG00631	09:01	09:01:02
12_02_01_01	hla_drb1	1839797.1011	HG00631	12:02	12:02:01
01_03_01_04	hla_dpa1	1307757.1847	NA18748	01:03	01:03:01
01_03_01_04	hla_dpa1	653878.5924	NA18748	01:03	01:03:01
04_01_01_03	hla_dpb1	5830741.9117	NA18748	04:01	04:01:01
04_01_01_03	hla_dpb1	2915370.9558	NA18748	04:01	04:01:01
01_02_01_01	hla_dqa1	4257942.729	NA18748	01:02	01:02:01
01_02_01_04	hla_dqa1	2228612.5319	NA18748	01:02	01:02:01
06_02_01_01	hla_dqb1	1145677.5931	NA18748	06:02	06:02:01
06_09_01_01	hla_dqb1	1470093.9989	NA18748	06:09	06:09:01
13_02_01_01	hla_drb1	1342902.4106	NA18748	13:02	13:02:01
15_01_01_02	hla_drb1	2657663.5562	NA18748	15:01	15:01:01
01_03_01_01	hla_dpa1	11758603.777	NA18964	01:03	01:03:01
01_03_01_01	hla_dpa1	5879301.8885	NA18964	01:03	01:03:01
02_01_02_05	hla_dpb1	7669718.0024	NA18964	02:01	02:01:02
02_01_02_05	hla_dpb1	3834859.0012	NA18964	02:01	02:01:02
01_02_01_01	hla_dqa1	5053697.1433	NA18964	01:02	01:02:01
03_03_01_01	hla_dqa1	3771113.2786	NA18964	03:03	03:03:01
06_02_01_01	hla_dqb1	2954350.0731	NA18964	06:02	06:02:01
06_02_01_01	hla_dqb1	1477175.0366	NA18964	06:02	06:02:01
04_05_01_01	hla_drb1	3191669.0474	NA18964	04:05	04:05:01
15_01_01_03	hla_drb1	4317132.648	NA18964	15:01	15:01:01
01_03_01_15	hla_dpa1	1871012.8279	NA18641	01:03	01:03:01
02_02_02_01	hla_dpa1	998358.4887	NA18641	02:02	02:02:02
04_02_01_02	hla_dpb1	7290341.6833	NA18641	04:02	04:02:01
04_02_01_17	hla_dpb1	3673027.024	NA18641	04:02	04:02:01
01_03_01_01	hla_dqa1	3343169.5991	NA18641	01:03	01:03:01
03_02_01_01	hla_dqa1	2444071.0799	NA18641	03:02	03:02:01
03_03_02_02	hla_dqb1	1012119.1453	NA18641	03:03	03:03:02
06_01_01_01	hla_dqb1	1351198.9023	NA18641	06:01	06:01:01
08_03_02_02	hla_drb1	2261023.1231	NA18641	08:03	08:03:02
09_01_02_01	hla_drb1	1722426.6605	NA18641	09:01	09:01:02
01_03_01_01	hla_dpa1	1300262.549	NA18640	01:03	01:03:01
02_01_01_01	hla_dpa1	673163.5852	NA18640	02:01	02:01:01
02_01_02_05	hla_dpb1	2825861.0999	NA18640	02:01	02:01:02
02_01_02_29	hla_dpb1	5609966.7176	NA18640	02:01	02:01:02
01_03_01_01	hla_dqa1	2094623.8433	NA18640	01:03	01:03:01
03_02_01_01	hla_dqa1	1690482.7286	NA18640	03:02	03:02:01
03_03_02_02	hla_dqb1	622175.2289	NA18640	03:03	03:03:02
06_01_01_01	hla_dqb1	840257.0283	NA18640	06:01	06:01:01
08_03_02_02	hla_drb1	1968893.2456	NA18640	08:03	08:03:02
09_01_02_01	hla_drb1	1179612.714	NA18640	09:01	09:01:02
